AddaJo00,Addai,Joseph,2007,clt,rb,15,,0,0,0,0,0,261,1072,12,41,364,3
AikeSa00,Aiken,Sam,2007,buf,wr,12,,0,0,0,0,0,0,0,0,1,10,0
AlexSh00,Alexander,Shaun,2007,sea,rb,13,,0,0,0,0,0,207,716,4,14,76,1
AlleJa22,Allen,Jared,2007,kan,de,14,,0,0,0,0,0,0,0,0,2,3,2
AlliAu00,Allison,Aundrae,2007,min,wr,11,,0,0,0,0,0,2,3,0,8,122,0
AndeDa01,Anderson,David,2007,htx,wr,8,,0,0,0,0,0,0,0,0,12,131,1
AndeDe01,Anderson,Deon,2007,dal,fb,8,,0,0,0,0,0,0,0,0,6,55,0
AndeDe00,Anderson,Derek,2007,cle,qb,16,,298,527,3787,29,19,32,70,3,0,0,0
AndeMi00,Anderson,Mike,2007,rav,rb,8,,0,0,0,0,0,15,62,0,4,26,0
AnguRi00,Angulo,Richard,2007,jax,te,5,,0,0,0,0,0,0,0,0,8,81,1
AromDe00,Aromashodu,Devin,2007,clt,wr,6,,0,0,0,0,0,0,0,0,7,96,0
ArriJ.00,Arrington,J.J.,2007,crd,rb,16,,0,0,0,0,0,26,78,0,29,241,1
AskeB.00,Askew,B.J.,2007,tam,fb,13,,0,0,0,0,0,0,0,0,18,175,0
AustMi00,Austin,Miles,2007,dal,wr,16,,0,0,0,0,0,0,0,0,5,76,0
AvanJa00,Avant,Jason,2007,phi,wr,15,,0,0,0,0,0,1,1,0,23,267,2
BakeCh00,Baker,Chris,2007,nyj,te,15,,0,0,0,0,0,0,0,0,41,409,3
BarbMa01,Barber,Marion,2007,dal,rb,16,,0,0,0,0,0,204,975,10,44,282,2
BarcCh00,Barclay,Chris,2007,oti,rb,4,,0,0,0,0,0,1,3,0,2,13,0
BaskHa00,Baskett,Hank,2007,phi,wr,16,,0,0,0,0,0,0,0,0,16,142,1
BatcCh00,Batch,Charlie,2007,pit,qb,7,,17,36,232,2,3,12,-7,0,0,0,0
BattAr00,Battle,Arnaz,2007,sfo,wr,16,,0,0,0,0,0,4,4,1,50,600,5
BattJa00,Battle,Jackie,2007,kan,rb,3,,0,0,0,0,0,14,47,1,1,4,0
BechAn00,Becht,Anthony,2007,tam,te,16,,0,0,0,0,0,0,0,0,5,20,2
BeckJo00,Beck,John,2007,mia,qb,5,,60,107,559,1,3,9,12,1,0,0,0
BellJa20,Bell,Jacob,2007,oti,g,16,,0,0,0,0,0,1,-15,0,0,0,0
BellMi00,Bell,Mike,2007,den,rb,5,,0,0,0,0,0,6,3,0,1,7,0
BellTa00,Bell,Tatum,2007,det,rb,5,,0,0,0,0,0,44,182,1,14,63,0
BennDr00,Bennett,Drew,2007,ram,wr,14,,0,0,0,0,0,0,0,0,33,375,3
BennMi00,Bennett,Michael,2007,kan,rb,6,,0,0,0,0,0,20,52,0,10,47,0
BennMi00,Bennett,Michael,2007,tam,rb,8,,0,0,0,0,0,41,189,1,5,54,1
BensCe00,Benson,Cedric,2007,chi,rb,11,,0,0,0,0,0,196,674,4,17,123,0
BergMi20,Berger,Mitch,2007,crd,p,5,,0,0,0,0,0,1,0,0,0,0,0
BerlBr00,Berlin,Brock,2007,ram,qb,1,,17,28,153,0,1,3,-16,0,0,0,0
BerrBe00,Berrian,Bernard,2007,chi,wr,16,,0,0,0,0,0,0,0,0,71,951,5
BettLa00,Betts,Ladell,2007,was,rb,16,,0,0,0,0,0,93,335,1,21,174,1
BienTr00,Bienemann,Troy,2007,crd,te,16,,0,0,0,0,0,0,0,0,7,46,1
BlakDw00,Blakley,Dwayne,2007,atl,te,12,,0,0,0,0,0,0,0,0,7,48,0
BodiSh00,Bodiford,Shaun,2007,gnb,wr,6,,0,0,0,0,0,0,0,0,1,13,0
BoldAn00,Boldin,Anquan,2007,crd,wr,12,,0,0,0,0,0,1,14,0,71,853,9
BollKy00,Boller,Kyle,2007,rav,qb,12,,168,275,1743,9,10,19,89,0,0,0,0
BollBr00,Bollinger,Brooks,2007,min,qb,5,,33,50,391,1,1,5,18,0,0,0,0
BookLo00,Booker,Lorenzo,2007,mia,rb,7,,0,0,0,0,0,28,125,0,28,237,0
BookMa00,Booker,Marty,2007,mia,wr,15,,0,1,0,0,0,2,12,0,50,556,1
BossKe00,Boss,Kevin,2007,nyg,te,13,,0,0,0,0,0,0,0,0,9,118,2
BoweDw00,Bowe,Dwayne,2007,kan,wr,16,,0,0,0,0,0,0,0,0,70,995,5
BradJo20,Bradley,Jon,2007,det,dt,15,,0,0,0,0,0,5,9,0,2,10,0
BradMa00,Bradley,Mark,2007,chi,wr,15,,0,0,0,0,0,0,0,0,6,71,1
BradAh00,Bradshaw,Ahmad,2007,nyg,rb,12,,0,0,0,0,0,23,190,1,2,12,0
BradKy00,Brady,Kyle,2007,nwe,te,14,,0,0,0,0,0,0,0,0,9,70,2
BradTo00,Brady,Tom,2007,nwe,qb,16,,398,578,4806,50,8,37,98,2,0,0,0
BranDe00,Branch,Deion,2007,sea,wr,11,,0,0,0,0,0,0,0,0,49,661,4
BreaSt00,Breaston,Steve,2007,crd,wr,16,,0,0,0,0,0,2,8,0,8,92,0
BreeDr00,Brees,Drew,2007,nor,qb,16,,440,652,4423,28,18,23,52,1,2,10,0
BrouJo00,Broussard,John,2007,jax,wr,8,,0,0,0,0,0,0,0,0,4,126,1
BrowCh03,Brown,Chris,2007,oti,rb,12,,0,0,0,0,0,102,462,5,19,128,0
BrowRe01,Brown,Reggie,2007,phi,wr,16,,0,0,0,0,0,5,36,0,61,780,4
BrowRo05,Brown,Ronnie,2007,mia,rb,7,,0,0,0,0,0,119,602,4,39,389,1
BrucIs00,Bruce,Isaac,2007,ram,wr,14,,0,0,0,0,0,2,-4,0,55,733,4
BuckCo00,Buckhalter,Correll,2007,phi,rb,14,,0,0,0,0,0,62,313,4,12,87,0
BulgMa00,Bulger,Marc,2007,ram,qb,12,,221,378,2392,11,15,9,13,0,0,0,0
BurlNa00,Burleson,Nate,2007,sea,wr,16,,0,0,0,0,0,2,4,0,50,694,9
BurrPl00,Burress,Plaxico,2007,nyg,wr,16,,0,0,0,0,0,0,0,0,70,1025,12
BushRe00,Bush,Reggie,2007,nor,rb,12,,0,0,0,0,0,157,581,4,73,417,2
ByrdDo00,Byrd,Dominique,2007,ram,te,9,,0,0,0,0,0,0,0,0,4,44,0
CaldRe00,Caldwell,Reche,2007,was,wr,8,,0,0,0,0,0,0,0,0,15,141,0
CalhBr00,Calhoun,Brian,2007,det,rb,4,,0,0,0,0,0,7,35,0,5,35,0
CamaGr00,Camarillo,Greg,2007,mia,wr,15,,0,0,0,0,0,0,0,0,8,160,2
CampDa00,Campbell,Daniel,2007,det,te,2,,0,0,0,0,0,0,0,0,1,1,0
CampJa00,Campbell,Jason,2007,was,qb,13,,250,417,2700,12,11,36,185,1,0,0,0
CarrDa00,Carr,David,2007,car,qb,6,,73,136,635,3,5,17,59,0,0,0,0
CartDr00,Carter,Drew,2007,car,wr,16,,0,0,0,0,0,0,0,0,38,517,4
CartTi00,Carter,Tim,2007,cle,wr,16,,0,0,0,0,0,0,0,0,8,117,1
CartRo01,Cartwright,Rock,2007,was,fb,15,,0,0,0,0,0,2,0,0,0,0,0
CasoAv00,Cason,Aveion,2007,det,rb,12,,0,0,0,0,0,11,38,0,14,129,0
CassMa00,Cassel,Matt,2007,nwe,qb,6,,4,7,38,0,1,4,12,1,0,0,0
CeleBr00,Celek,Brent,2007,phi,te,16,,0,0,0,0,0,0,0,0,16,178,1
ChamCh00,Chambers,Chris,2007,mia,wr,6,,0,0,0,0,0,1,-5,0,31,415,0
ChamCh00,Chambers,Chris,2007,sdg,wr,10,,0,0,0,0,0,2,17,0,35,555,4
ChatAn00,Chatman,Antonio,2007,cin,wr,13,,0,0,0,0,0,1,5,0,19,149,1
ChatJe00,Chatman,Jesse,2007,mia,rb,14,,0,0,0,0,0,128,515,1,27,161,0
ClarBr00,Clark,Brian,2007,den,wr,4,,0,0,0,0,0,0,0,0,4,23,0
ClarDa00,Clark,Dallas,2007,clt,te,15,,0,0,0,0,0,2,29,0,58,616,11
ClarDe00,Clark,Desmond,2007,chi,te,16,,0,0,0,0,0,0,0,0,44,545,4
ClayMa01,Clayton,Mark,2007,rav,wr,16,,0,1,0,0,0,0,0,0,48,531,0
ClayMi00,Clayton,Michael,2007,tam,wr,14,,0,0,0,0,0,5,22,0,22,301,0
ClemKe00,Clemens,Kellen,2007,nyj,qb,10,,130,250,1529,5,10,27,111,1,0,0,0
CoatDa00,Coats,Daniel,2007,cin,te,15,,0,0,0,0,0,0,0,0,12,122,0
CobbPa00,Cobbs,Patrick,2007,mia,rb,14,,0,0,0,0,0,15,47,1,2,20,0
ColbKe00,Colbert,Keary,2007,car,wr,12,,0,0,0,0,0,0,0,0,32,332,0
ColeLa00,Coles,Laveranues,2007,nyj,wr,12,,0,0,0,0,0,0,0,0,55,646,6
CollKe00,Collins,Kerry,2007,oti,qb,6,,50,82,531,0,0,3,-3,0,0,0,0
CollTo00,Collins,Todd,2007,was,qb,4,,67,105,888,5,0,8,1,0,0,0,0
ColsMa00,Colston,Marques,2007,nor,wr,16,,0,0,0,0,0,0,0,0,98,1202,11
CookJa00,Cook,Jameel,2007,htx,fb,16,,0,0,0,0,0,8,24,0,8,40,0
CoolCh00,Cooley,Chris,2007,was,te,16,,0,0,0,0,0,0,0,0,66,786,8
CoppTe00,Copper,Terrance,2007,nor,wr,15,,0,0,0,0,0,0,0,0,15,126,2
CotcJe00,Cotchery,Jerricho,2007,nyj,wr,15,,0,0,0,0,0,5,38,0,82,1130,2
CrayPa00,Crayton,Patrick,2007,dal,wr,15,,0,0,0,0,0,0,0,0,50,697,7
CribJo01,Cribbs,Josh,2007,cle,wr,16,,0,0,0,0,0,9,61,0,3,37,0
CrocZa00,Crockett,Zack,2007,tam,fb,1,,0,0,0,0,0,1,0,0,0,0,0
CroyBr00,Croyle,Brodie,2007,kan,qb,9,,127,224,1227,6,6,7,18,0,0,0,0
CrumAl00,Crumpler,Alge,2007,atl,te,14,,0,0,0,0,0,0,0,0,42,444,5
CulpDa00,Culpepper,Daunte,2007,rai,qb,7,,108,186,1331,5,5,20,40,3,0,0,0
CurrRo01,Curry,Ronald,2007,rai,wr,16,,0,1,0,0,0,1,1,0,55,717,4
CurtKe00,Curtis,Kevin,2007,phi,wr,16,,0,0,0,0,0,0,0,0,77,1110,6
CurtTo00,Curtis,Tony,2007,dal,te,16,,0,0,0,0,0,0,0,0,3,18,3
CutlJa00,Cutler,Jay,2007,den,qb,16,,297,467,3497,20,14,44,205,1,0,0,0
DaniOw00,Daniels,Owen,2007,htx,te,16,,0,0,0,0,0,0,0,0,63,768,3
DarbKe00,Darby,Kenneth,2007,tam,rb,1,,0,0,0,0,0,2,9,0,2,16,0
DarlDe00,Darling,Devard,2007,rav,wr,16,,0,0,0,0,0,0,0,0,18,326,3
DaveNa00,Davenport,Najeh,2007,pit,rb,15,,0,0,0,0,0,107,499,5,18,184,2
DaviAn01,Davis,Andre',2007,htx,wr,14,,0,0,0,0,0,0,0,0,33,583,3
DaviCa00,Davis,Carey,2007,pit,rb,16,,0,0,0,0,0,17,68,0,12,49,0
DaviCh02,Davis,Chris,2007,oti,wr,12,,0,0,0,0,0,2,19,0,5,38,0
DaviCh03,Davis,Chris,2007,nyj,wr,2,,0,0,0,0,0,1,3,0,1,3,0
DaviCr00,Davis,Craig,2007,sdg,wr,14,,0,0,0,0,0,3,9,0,20,188,1
DaviRa00,Davis,Rashied,2007,chi,db,16,,0,0,0,0,0,0,0,0,17,165,0
DaviVe00,Davis,Vernon,2007,sfo,te,14,,0,0,0,0,0,0,0,0,52,509,4
DawsCl00,Dawson,Clifton,2007,clt,rb,11,,0,0,0,0,0,30,64,1,2,15,0
DaynRo00,Dayne,Ron,2007,htx,rb,13,,0,0,0,0,0,194,773,6,17,112,0
DelhJa00,Delhomme,Jake,2007,car,qb,3,,55,86,624,8,1,6,26,0,0,0,0
DilfTr00,Dilfer,Trent,2007,sfo,qb,7,,113,219,1166,7,12,10,25,0,0,0,0
DinkDa00,Dinkins,Darnell,2007,cle,te,15,,0,0,0,0,0,0,0,0,1,8,0
DorsDe00,Dorsey,De De,2007,cin,rb,12,,0,0,0,0,0,21,183,0,4,19,0
DreeJo00,Dreessen,Joel,2007,htx,te,13,,0,0,0,0,0,0,0,0,4,55,2
DrivDo00,Driver,Donald,2007,gnb,wr,15,,0,0,0,0,0,2,4,0,82,1048,2
DrouRe00,Droughns,Reuben,2007,nyg,rb,16,,0,0,0,0,0,85,275,6,7,49,0
DrumEd00,Drummond,Eddie,2007,kan,wr,12,,0,0,0,0,0,1,-3,0,0,0,0
DuckT.00,Duckett,T.J.,2007,det,rb,12,,0,0,0,0,0,65,335,3,4,54,0
DugaJe00,Dugan,Jeff,2007,min,te,16,,0,0,0,0,0,2,7,0,7,57,0
DunnJa00,Dunn,Jason,2007,kan,te,16,,0,0,0,0,0,0,0,0,2,9,0
DunnWa00,Dunn,Warrick,2007,atl,rb,16,,0,0,0,0,0,227,720,4,37,238,0
DwigTi00,Dwight,Tim,2007,rai,wr,6,,0,0,0,0,0,2,12,0,6,98,2
EalyBi00,Ealy,Biren,2007,oti,wr,4,,0,0,0,0,0,0,0,0,1,6,0
EcheAd00,Echemandu,Adimchinobe,2007,htx,rb,7,,0,0,0,0,0,20,85,0,2,11,0
EckeKy00,Eckel,Kyle,2007,nwe,rb,12,,0,0,0,0,0,33,90,2,1,6,0
EdwaBr00,Edwards,Braylon,2007,cle,wr,16,,0,0,0,0,0,0,0,0,80,1289,16
EdwaTr01,Edwards,Trent,2007,buf,qb,10,,151,269,1630,7,8,14,49,0,0,0,0
EngrBo00,Engram,Bobby,2007,sea,wr,16,,0,0,0,0,0,0,0,0,94,1147,6
EstaGr01,Estandia,Greg,2007,jax,te,10,,0,0,0,0,0,0,0,0,9,136,0
EvanHe00,Evans,Heath,2007,nwe,fb,16,,0,0,0,0,0,34,121,3,4,43,0
EvanLe00,Evans,Lee,2007,buf,wr,16,,0,0,0,0,0,0,0,0,55,849,5
EverKe00,Everett,Kevin,2007,buf,te,1,,0,0,0,0,0,0,0,0,1,3,0
FargJu00,Fargas,Justin,2007,rai,fb,14,,0,0,0,0,0,222,1009,4,23,188,0
FasaAn00,Fasano,Anthony,2007,dal,te,16,,0,0,0,0,0,0,0,0,14,143,1
FaulKe00,Faulk,Kevin,2007,nwe,rb,16,,0,0,0,0,0,62,265,0,47,383,1
FaurCh00,Fauria,Christian,2007,car,te,15,,0,0,0,0,0,0,0,0,5,39,2
FavrBr00,Favre,Brett,2007,gnb,qb,16,,356,535,4155,28,15,29,12,0,0,0,0
FeelA.00,Feeley,A.J.,2007,phi,qb,3,,59,103,681,5,8,7,23,0,0,0,0
FergRo00,Ferguson,Robert,2007,min,wr,15,,0,0,0,0,0,0,0,0,32,391,1
FiguYa00,Figurs,Yamon,2007,rav,wr,14,,0,0,0,0,0,1,-1,0,1,36,0
FitzLa00,Fitzgerald,Larry,2007,crd,wr,15,,0,0,0,0,0,0,0,0,100,1409,10
FitzCa00,Fitzsimmons,Casey,2007,det,te,16,,0,0,0,0,0,0,0,0,8,85,1
FletBr00,Fletcher,Bryan,2007,clt,te,15,,0,0,0,0,0,0,0,0,18,143,0
FloyMa00,Floyd,Malcom,2007,sdg,wr,6,,0,0,0,0,0,0,0,0,7,97,0
FostDe00,Foster,DeShaun,2007,car,rb,16,,0,0,0,0,0,247,876,3,25,182,1
FranBu00,Franks,Bubba,2007,gnb,te,8,,0,0,0,0,0,0,0,0,18,132,3
FrerGu00,Frerotte,Gus,2007,ram,qb,8,,94,167,1014,7,12,6,3,0,0,0,0
FrosDe20,Frost,Derrick,2007,was,p,16,,0,0,0,0,0,1,0,0,0,0,0
FryeCh00,Frye,Charlie,2007,cle,qb,1,,4,10,34,0,1,1,1,0,0,0,0
FurrMi00,Furrey,Mike,2007,det,wr,16,,0,0,0,0,0,0,0,0,61,664,1
GadoSa00,Gado,Samkon,2007,mia,rb,5,,0,0,0,0,0,35,104,3,4,47,0
GadoSa00,Gado,Samkon,2007,htx,rb,3,,0,0,0,0,0,18,46,1,8,59,0
GaffJa00,Gaffney,Jabar,2007,nwe,wr,16,,0,0,0,0,0,0,0,0,36,449,5
GageJu00,Gage,Justin,2007,oti,wr,16,,0,0,0,0,0,0,0,0,55,750,2
GainMi00,Gaines,Michael,2007,buf,te,15,,0,0,0,0,0,0,0,0,25,215,2
GallJo00,Galloway,Joey,2007,tam,wr,15,,0,0,0,0,0,1,1,0,57,1014,6
GarcJe00,Garcia,Jeff,2007,tam,qb,13,,209,327,2440,13,4,35,116,1,0,0,0
GarrDa00,Garrard,David,2007,jax,qb,12,,208,325,2509,18,3,49,185,1,0,0,0
GateAn00,Gates,Antonio,2007,sdg,te,16,,0,0,0,0,0,0,0,0,75,984,9
GilmBr00,Gilmore,Bryan,2007,sfo,wr,10,,0,0,0,0,0,1,-8,0,7,111,0
GilmJo00,Gilmore,John,2007,chi,te,15,,0,0,0,0,0,0,0,0,3,14,0
GinnTe00,Ginn,Ted Jr.,2007,mia,wr,16,,0,0,0,0,0,4,3,0,34,420,2
GonzAn00,Gonzalez,Anthony,2007,clt,wr,13,,0,0,0,0,0,0,0,0,37,576,3
GonzTo00,Gonzalez,Tony,2007,kan,te,16,,0,0,0,0,0,0,0,0,99,1172,5
GoreFr00,Gore,Frank,2007,sfo,rb,15,,0,0,0,0,0,260,1102,5,53,436,1
gouldrob01,Gould,Robbie,2007,chi,k,16,,0,1,0,0,0,0,0,0,0,0,0
GradBr00,Gradkowski,Bruce,2007,tam,qb,4,,13,24,130,0,1,7,20,0,0,0,0
GrahDa00,Graham,Daniel,2007,den,te,15,,0,0,0,0,0,0,0,0,24,246,2
GrahEa00,Graham,Earnest,2007,tam,rb,15,,0,0,0,0,0,222,898,10,49,324,0
GranRy00,Grant,Ryan,2007,gnb,rb,15,,0,0,0,0,0,188,956,8,30,145,0
GrayQu00,Gray,Quinn,2007,jax,qb,8,,80,144,986,10,5,19,57,0,0,0,0
GreeAh00,Green,Ahman,2007,htx,rb,6,,0,0,0,0,0,70,260,2,14,123,0
GreeJu00,Green,Justin,2007,rav,fb,15,,0,0,0,0,0,0,0,0,2,16,0
GreeSk20,Green,Skyler,2007,cin,wr,7,,0,0,0,0,0,1,1,0,3,33,0
GreeTr00,Green,Trent,2007,mia,qb,5,,85,141,987,5,7,7,32,0,0,0,0
GrieBr00,Griese,Brian,2007,chi,qb,7,,161,262,1803,10,12,13,28,0,0,0,0
GrifJu00,Griffith,Justin,2007,rai,fb,16,,0,0,0,0,0,7,27,0,26,165,1
GrigBo20,Grigsby,Boomer,2007,kan,lb,13,,0,0,0,0,0,0,0,0,2,14,0
GrosRe00,Grossman,Rex,2007,chi,qb,8,,122,225,1411,4,7,14,27,0,0,0,0
GutiMa00,Gutierrez,Matt,2007,nwe,qb,5,,1,1,15,0,0,5,-13,0,0,0,0
HackD.00,Hackett,D.J.,2007,sea,wr,6,,0,0,0,0,0,0,0,0,32,384,3
HagaDe00,Hagan,Derek,2007,mia,wr,16,,0,0,0,0,0,0,0,0,29,373,2
HagaMa00,Hagans,Marques,2007,ram,wr,4,,0,0,0,0,0,2,-4,0,8,101,0
HallAh00,Hall,Ahmard,2007,oti,rb,11,,0,0,0,0,0,1,8,0,9,60,0
HallAn01,Hall,Andre,2007,den,rb,10,,0,0,0,0,0,44,216,2,2,69,0
HallDa00,Hall,Dante,2007,ram,wr,7,,0,0,0,0,0,3,18,0,5,27,0
HallKo99,Hall,Korey,2007,gnb,lb,14,,0,0,0,0,0,0,0,0,8,49,0
HaltAa00,Halterman,Aaron,2007,mia,te,9,,0,0,0,0,0,0,0,0,1,7,0
HarrJo00,Harrington,Joey,2007,atl,qb,12,,215,348,2215,7,8,14,33,0,1,4,0
HarrGi00,Harris,Gilbert,2007,kan,rb,4,,0,0,0,0,0,9,9,0,3,38,0
HarrJe00,Harrison,Jerome,2007,cle,rb,8,,0,0,0,0,0,23,142,0,2,19,0
HarrMa00,Harrison,Marvin,2007,clt,wr,5,,0,0,0,0,0,0,0,0,20,247,1
HartBe00,Hartsock,Ben,2007,oti,te,16,,0,0,0,0,0,0,0,0,12,138,0
HassMa00,Hasselbeck,Matt,2007,sea,qb,16,,352,562,3966,28,12,39,89,0,0,0,0
HassTi00,Hasselbeck,Tim,2007,crd,qb,1,,0,0,0,0,0,1,-1,0,0,0,0
HaynAl00,Haynes,Alex,2007,car,rb,10,,0,0,0,0,0,3,3,0,3,14,0
HaynVe00,Haynes,Verron,2007,pit,rb,1,,0,0,0,0,0,0,0,0,1,12,0
HeapTo00,Heap,Todd,2007,rav,te,6,,0,0,0,0,0,0,0,0,23,239,1
HedgMa00,Hedgecock,Madison,2007,ram,fb,1,,0,0,0,0,0,0,0,0,1,7,0
HedgMa00,Hedgecock,Madison,2007,nyg,fb,15,,0,0,0,0,0,0,0,0,6,45,0
HeidSt00,Heiden,Steve,2007,cle,te,16,,0,0,0,0,0,0,0,0,12,104,0
HellWi00,Heller,Will,2007,sea,te,16,,0,0,0,0,0,0,0,0,13,82,3
HendDe00,Henderson,Devery,2007,nor,wr,16,,0,0,0,0,0,2,20,0,20,409,3
HenrCh00,Henry,Chris,2007,cin,wr,8,,0,0,0,0,0,0,0,0,21,343,2
HenrCh01,Henry,Chris J.,2007,oti,rb,7,,0,0,0,0,0,31,119,2,6,53,0
HenrTr00,Henry,Travis,2007,den,rb,12,,0,0,0,0,0,167,691,4,7,65,0
hentrcra01,Hentrich,Craig,2007,oti,p,15,,0,0,0,0,0,1,-8,0,0,0,0
HestDe99,Hester,Devin,2007,chi,db,16,,0,0,0,0,0,7,-10,0,20,299,2
HickMa00,Hicks,Maurice,2007,sfo,rb,16,,0,0,0,0,0,21,117,1,14,86,0
HiggJo00,Higgins,Johnnie Lee,2007,rai,wr,16,,0,0,0,0,0,2,3,0,6,47,0
HillJa00,Hill,Jason,2007,sfo,wr,5,,0,0,0,0,0,0,0,0,1,6,0
HillSh00,Hill,Shaun,2007,sfo,qb,3,,54,79,501,5,1,12,14,1,0,0,0
HillIk00,Hilliard,Ike,2007,tam,wr,15,,0,0,0,0,0,1,6,0,62,722,1
HixoDo00,Hixon,Domenik,2007,nyg,wr,12,,0,0,0,0,0,1,-8,0,1,5,0
HolcKe00,Holcomb,Kelly,2007,min,qb,3,,42,83,515,2,1,0,0,0,0,0,0
HolmPr00,Holmes,Priest,2007,kan,rb,4,,0,0,0,0,0,46,137,0,5,17,0
HolmSa00,Holmes,Santonio,2007,pit,wr,13,,0,0,0,0,0,5,17,0,52,942,8
HoltGl00,Holt,Glenn,2007,cin,wr,16,,0,0,0,0,0,2,2,0,16,143,1
HoltTo00,Holt,Torry,2007,ram,wr,16,,0,0,0,0,0,0,0,0,93,1189,7
HoovBr00,Hoover,Brad,2007,car,fb,16,,0,0,0,0,0,12,39,0,10,58,0
HornJo00,Horn,Joe,2007,atl,wr,12,,0,0,0,0,0,0,0,0,27,243,1
HousTJ00,Houshmandzadeh,T.J.,2007,cin,wr,16,,0,0,0,0,0,5,14,0,112,1143,12
HoytOl20,Hoyte,Oliver,2007,dal,lb/rb,10,,0,0,0,0,0,0,0,0,1,2,0
HuarDa00,Huard,Damon,2007,kan,qb,11,,206,332,2257,11,13,9,-1,0,0,0,0
HuntTo01,Hunt,Tony,2007,phi,rb,8,,0,0,0,0,0,10,16,1,0,0,0
HurdSa00,Hurd,Sam,2007,dal,wr,16,,0,0,0,0,0,0,0,0,19,314,1
JackBr00,Jackson,Brandon,2007,gnb,rb,11,,0,0,0,0,0,75,267,1,16,130,0
JackDa00,Jackson,Darrell,2007,sfo,wr,15,,0,0,0,0,0,0,0,0,46,497,3
JackFr02,Jackson,Fred,2007,buf,rb,8,,0,0,0,0,0,58,300,0,22,190,0
JackNa00,Jackson,Nate,2007,den,wr,5,,0,0,0,0,0,0,0,0,3,34,1
JackSt00,Jackson,Steven,2007,ram,rb,12,,1,1,2,1,0,237,1002,5,38,271,1
JackTa00,Jackson,Tarvaris,2007,min,qb,12,,171,294,1911,9,12,54,260,3,0,0,0
JackVi00,Jackson,Vincent,2007,sdg,wr,16,,0,0,0,0,0,0,0,0,41,623,3
JacoBr00,Jacobs,Brandon,2007,nyg,rb,11,,0,0,0,0,0,202,1009,4,23,174,2
JacoTa00,Jacobs,Taylor,2007,sfo,wr,4,,0,0,0,0,0,1,-8,0,3,40,1
JameEd00,James,Edgerrin,2007,crd,rb,16,,0,0,0,0,0,324,1222,7,24,204,0
JarrDw00,Jarrett,Dwayne,2007,car,wr,7,,0,0,0,0,0,1,11,0,6,73,0
JenkMi00,Jenkins,Michael,2007,atl,wr,15,,0,0,0,0,0,0,0,0,53,532,4
JennAd00,Jennings,Adam,2007,atl,wr,16,,0,0,0,0,0,0,0,0,6,62,1
JennGr00,Jennings,Greg,2007,gnb,wr,13,,0,0,0,0,0,0,0,0,53,920,12
JohnAn02,Johnson,Andre,2007,htx,wr,9,,0,0,0,0,0,0,0,0,60,851,8
JohnBr00,Johnson,Brad,2007,dal,qb,16,,7,11,79,0,0,5,-5,0,0,0,0
JohnBr02,Johnson,Bryant,2007,crd,wr,16,,0,0,0,0,0,0,0,0,46,528,2
JohnCa00,Johnson,Calvin,2007,det,wr,15,,0,0,0,0,0,4,52,1,48,756,4
JohnCh01,Johnson,Chad,2007,cin,wr,16,,0,0,0,0,0,6,47,0,93,1440,8
JohnEr00,Johnson,Eric,2007,nor,te,14,,0,0,0,0,0,0,0,0,48,378,2
JohnJe00,Johnson,Jeremi,2007,cin,fb,16,,0,0,0,0,0,7,25,0,6,32,1
JohnLa00,Johnson,Larry,2007,kan,rb,8,,0,1,0,0,0,158,559,3,30,186,1
JohnRu00,Johnson,Rudi,2007,cin,rb,11,,0,0,0,0,0,170,497,3,13,110,1
JoneBr02,Jones,Brandon,2007,oti,wr,9,,0,0,0,0,0,2,37,0,21,248,2
JoneGr01,Jones,Greg,2007,jax,rb,16,,0,0,0,0,0,42,119,2,11,99,2
JoneJa03,Jones,Jacoby,2007,htx,wr,14,,0,0,0,0,0,3,-1,0,15,149,0
JoneJa04,Jones,James,2007,gnb,wr,16,,0,0,0,0,0,0,0,0,47,676,2
JoneJu01,Jones,Julius,2007,dal,rb,16,,0,0,0,0,0,164,588,2,23,203,0
JoneKe02,Jones,Kevin,2007,det,rb,13,,0,0,0,0,0,153,581,8,32,197,0
JoneMa00,Jones,Matt,2007,jax,wr,12,,0,0,0,0,0,0,0,0,24,317,4
JoneTh00,Jones,Thomas,2007,nyj,rb,16,,0,0,0,0,0,310,1119,1,28,217,1
DrewMa00,Jones-Drew,Maurice,2007,jax,rb,15,,0,0,0,0,0,167,768,9,40,407,0
JordLa00,Jordan,LaMont,2007,rai,rb,12,,0,0,0,0,0,144,549,3,28,247,0
JureJo00,Jurevicius,Joe,2007,cle,wr,16,,0,0,0,0,0,0,0,0,50,614,3
KarnMi00,Karney,Mike,2007,nor,fb,16,,0,0,0,0,0,11,17,2,13,78,0
KeasZa20,Keasey,Zak,2007,sfo,lb,13,,0,0,0,0,0,2,4,0,0,0,0
KeitKe00,Keith,Kenton,2007,clt,rb,16,,0,0,0,0,0,121,533,3,13,77,1
KellRe00,Kelly,Reggie,2007,cin,te,15,,0,0,0,0,0,0,0,0,20,211,0
KennEd00,Kennison,Eddie,2007,kan,wr,8,,0,0,0,0,0,1,5,0,13,101,0
KingJe00,King,Jeff,2007,car,te,16,,0,0,0,0,0,0,0,0,46,406,2
KitnJo00,Kitna,Jon,2007,det,qb,16,,355,561,4068,18,20,25,63,0,1,9,0
KleiJi00,Kleinsasser,Jim,2007,min,te,16,,0,0,0,0,0,0,0,0,4,43,1
KlopJo00,Klopfenstein,Joe,2007,ram,te,16,,0,0,0,0,0,0,0,0,2,37,1
KluwCh20,Kluwe,Chris,2007,min,p,16,,1,1,27,0,0,0,0,0,0,0,0
koenemic01,Koenen,Michael,2007,atl,p,16,,0,0,0,0,0,1,0,0,0,0,0
KolbKe00,Kolb,Kevin,2007,phi,qb,1,,0,0,0,0,0,3,-2,0,0,0,0
KowaJo00,Kowalewski,Joe,2007,nyj,te,13,,0,0,0,0,0,0,0,0,5,18,1
KozlBr00,Kozlowski,Brian,2007,was,te,3,,0,0,0,0,0,0,0,0,1,5,0
KrauRy00,Krause,Ryan,2007,gnb,te,9,,0,0,0,0,0,0,0,0,2,11,0
KreiDa00,Kreider,Dan,2007,pit,fb,10,,0,0,0,0,0,1,2,0,1,15,0
KuhnJo00,Kuhn,John,2007,gnb,fb,16,,0,0,0,0,0,0,0,0,2,7,0
LawtLu00,Lawton,Luke,2007,clt,rb,11,,0,0,0,0,0,5,13,0,4,29,1
LeacVo00,Leach,Vonta,2007,htx,rb,16,,0,0,0,0,0,2,2,1,25,108,2
LechSh20,Lechler,Shane,2007,rai,p,16,,0,0,0,0,0,1,-4,0,0,0,0
LeexDo00,Lee,Donald,2007,gnb,te,15,,0,0,0,0,0,0,0,0,48,575,6
LeftBy00,Leftwich,Byron,2007,atl,qb,3,,32,58,279,1,2,6,7,0,0,0,0
LeinMa00,Leinart,Matt,2007,crd,qb,5,,60,112,647,2,4,11,42,0,0,0,0
LeliAs00,Lelie,Ashley,2007,sfo,wr,15,,0,0,0,0,0,0,0,0,10,115,0
LemoCl00,Lemon,Cleo,2007,mia,qb,9,,173,309,1773,6,6,31,102,4,0,0,0
LeonBr00,Leonard,Brian,2007,ram,rb,16,,0,0,0,0,0,86,303,0,30,183,0
LewiGr01,Lewis,Greg,2007,phi,wr,15,,0,1,0,0,0,0,0,0,13,265,3
LewiJa00,Lewis,Jamal,2007,cle,rb,15,,0,0,0,0,0,298,1304,9,30,248,2
LewiMa00,Lewis,Marcedes,2007,jax,te,16,,0,0,0,0,0,0,0,0,37,391,2
LloyBr00,Lloyd,Brandon,2007,was,wr,8,,0,0,0,0,0,0,0,0,2,14,0
LookDa00,Looker,Dane,2007,ram,wr,13,,0,0,0,0,0,0,0,0,6,38,0
LoreJa00,Lorenzen,Jared,2007,nyg,qb,2,,4,8,28,0,0,1,2,0,0,0,0
LosmJ.00,Losman,J.P.,2007,buf,qb,8,,111,175,1204,4,6,20,110,0,0,0,0
LucaCh00,Lucas,Chad,2007,tam,wr,2,,0,0,0,0,0,0,0,0,5,82,0
LyncMa00,Lynch,Marshawn,2007,buf,rb,13,,1,1,8,1,0,280,1115,7,18,184,0
MadsJo00,Madsen,John,2007,rai,wr,16,,0,0,0,0,0,0,0,0,8,102,1
MaheRe00,Mahe,Reno,2007,phi,rb,15,,0,0,0,0,0,0,0,0,1,11,0
MangNi20,Mangold,Nick,2007,nyj,c,16,,0,0,0,0,0,0,0,0,1,-3,0
MankLo20,Mankins,Logan,2007,nwe,g,16,,0,0,0,0,0,0,0,0,1,-9,0
MannEl00,Manning,Eli,2007,nyg,qb,16,,297,529,3336,23,20,29,69,1,0,0,0
MannPe00,Manning,Peyton,2007,clt,qb,16,,337,515,4040,31,14,20,-5,3,0,0,0
ManuBr00,Manumaleuna,Brandon,2007,sdg,te,16,,0,0,0,0,0,0,0,0,10,86,1
MaroLa00,Maroney,Laurence,2007,nwe,rb,13,,0,0,0,0,0,185,835,6,4,116,0
MarsBr00,Marshall,Brandon,2007,den,wr,16,,0,0,0,0,0,5,57,0,102,1325,7
MartDa00,Martin,David,2007,mia,te,15,,0,0,0,0,0,0,0,0,34,303,2
MartJa00,Martin,Jamie,2007,nor,qb,4,,0,0,0,0,0,3,-3,0,0,0,0
MartRu00,Martin,Ruvell,2007,gnb,wr,15,,0,0,0,0,0,0,0,0,16,242,4
MartGl00,Martinez,Glenn,2007,den,wr,12,,0,0,0,0,0,0,0,0,14,175,0
MasoDe00,Mason,Derrick,2007,rav,wr,16,,0,0,0,0,0,0,0,0,103,1087,5
MathJe00,Mathis,Jerome,2007,htx,wr,3,,0,0,0,0,0,0,0,0,1,15,0
MattMi00,Matthews,Michael,2007,nyg,te,16,,0,0,0,0,0,0,0,0,6,28,0
MauiRe00,Mauia,Reagan,2007,mia,rb,16,,0,0,0,0,0,4,5,0,2,5,0
MaxwMa00,Maxwell,Marcus,2007,cin,wr,5,,0,0,0,0,0,0,0,0,1,5,0
McAlDe00,McAllister,Deuce,2007,nor,rb,3,,0,0,0,0,0,24,92,0,4,15,0
McCaKe00,McCardell,Keenan,2007,was,wr,10,,0,0,0,0,0,0,0,0,22,256,1
McCaJu00,McCareins,Justin,2007,nyj,wr,16,,0,0,0,0,0,0,0,0,19,232,0
McClLe00,McClain,Le'Ron,2007,rav,rb,16,,0,0,0,0,0,8,18,0,9,55,1
McCoJo01,McCown,Josh,2007,rai,qb,9,,111,190,1151,10,11,29,143,0,0,0,0
McCoLu00,McCown,Luke,2007,tam,qb,5,,94,139,1009,5,3,12,117,0,0,0,0
McDoSh00,McDonald,Shaun,2007,det,wr,16,,0,0,0,0,0,4,2,0,79,943,6
McFoCh00,McFoy,Chris,2007,rai,wr,3,,0,0,0,0,0,0,0,0,1,19,0
McGaWi00,McGahee,Willis,2007,rav,rb,15,,0,0,0,0,0,294,1207,7,43,231,1
McGrJo21,McGraw,Jon,2007,kan,db,13,,0,0,0,0,0,1,4,0,0,0,0
McHuSe00,McHugh,Sean,2007,det,fb,15,,0,0,0,0,0,0,0,0,17,252,0
McKiJa00,McKie,Jason,2007,chi,fb,16,,0,0,0,0,0,6,17,1,9,33,0
McMiRa01,McMichael,Randy,2007,ram,te,16,,0,0,0,0,0,0,0,0,39,429,3
McNaDo00,McNabb,Donovan,2007,phi,qb,14,,291,473,3324,19,7,50,236,0,0,0,0
McNaSt00,McNair,Steve,2007,rav,qb,6,,133,205,1113,2,4,10,32,0,0,0,0
MiddBr00,Middleton,Brandon,2007,det,wr,5,,0,0,0,0,0,0,0,0,8,70,1
MillBi00,Miller,Billy,2007,nor,te,16,,0,0,0,0,0,0,0,0,27,328,2
MillHe00,Miller,Heath,2007,pit,te,16,,0,0,0,0,0,0,0,0,47,566,7
MillZa01,Miller,Zach,2007,rai,te,16,,0,0,0,0,0,0,0,0,44,444,3
MillGa01,Mills,Garrett,2007,min,fb,1,,0,0,0,0,0,0,0,0,2,26,0
MilnMa00,Milner,Martrez,2007,atl,te,8,,0,0,0,0,0,0,0,0,9,50,0
MinoTr00,Minor,Travis,2007,ram,rb,14,,0,0,0,0,0,17,68,0,12,86,0
MixxAn00,Mix,Anthony,2007,nyg,wr,4,,0,0,0,0,0,0,0,0,3,39,0
MoorLa00,Moore,Lance,2007,nor,wr,16,,0,0,0,0,0,2,7,1,32,302,2
MoorMa01,Moore,Matt,2007,car,qb,9,,63,111,730,3,5,3,5,0,0,0,0
MoorMe00,Moore,Mewelde,2007,min,rb,12,,0,1,0,0,0,20,113,0,6,48,0
MoorAa00,Moorehead,Aaron,2007,clt,wr,8,,0,0,0,0,0,0,0,0,8,65,0
MoorBr24,Moorman,Brian,2007,buf,p,16,,0,0,0,0,0,4,14,0,0,0,0
MoreVe00,Morency,Vernand,2007,gnb,rb,13,,0,0,0,0,0,29,108,0,30,199,0
MoreSe00,Morey,Sean,2007,crd,wr,15,,0,0,0,0,0,1,13,0,8,131,0
MorrMa00,Morris,Maurice,2007,sea,rb,14,,0,0,0,0,0,140,628,4,23,213,1
MorrSa00,Morris,Sammy,2007,nwe,rb,6,,0,0,0,0,0,85,384,3,6,35,0
MossRa00,Moss,Randy,2007,nwe,wr,16,,0,0,0,0,0,0,0,0,98,1493,23
MossSa00,Moss,Santana,2007,was,wr,14,,0,0,0,0,0,3,13,0,61,808,3
MossSi00,Moss,Sinorice,2007,nyg,wr,13,,0,0,0,0,0,1,4,0,21,225,0
MoulEr00,Moulds,Eric,2007,oti,wr,16,,0,0,0,0,0,0,0,0,32,342,0
MughOv00,Mughelli,Ovie,2007,atl,fb,16,,0,0,0,0,0,6,7,1,6,36,0
MuhaMu00,Muhammad,Muhsin,2007,chi,wr,16,,0,0,0,0,0,0,0,0,40,570,3
MustCh00,Mustard,Chad,2007,den,te,12,,0,0,0,0,0,0,0,0,5,62,0
NaanLe00,Naanee,Legedu,2007,sdg,wr,13,,0,0,0,0,0,0,0,0,8,69,0
NallCr00,Nall,Craig,2007,gnb,qb,1,,7,15,88,1,0,5,6,0,0,0,0
NealLo00,Neal,Lorenzo,2007,sdg,fb,13,,0,0,0,0,0,13,32,0,8,23,1
NeufRy00,Neufeld,Ryan,2007,buf,te,9,,0,0,0,0,0,0,0,0,2,14,0
NorrMo00,Norris,Moran,2007,sfo,fb,16,,0,0,0,0,0,7,17,0,6,38,0
NortDe00,Northcutt,Dennis,2007,jax,wr,15,,0,0,0,0,0,6,27,0,44,601,4
NorwJe00,Norwood,Jerious,2007,atl,rb,15,,0,0,0,0,0,103,613,1,28,277,0
ONeaOr00,O'Neal,Oren,2007,rai,fb,14,,0,0,0,0,0,0,0,0,1,1,0
OSulJ.00,O'Sullivan,J.T.,2007,det,qb,4,,13,26,148,1,2,4,-10,0,0,0,0
ObomBe00,Obomanu,Ben,2007,sea,wr,13,,0,0,0,0,0,0,0,0,12,180,1
OlseGr00,Olsen,Greg,2007,chi,te,14,,0,0,0,0,0,0,0,0,39,391,2
OrtoKy00,Orton,Kyle,2007,chi,qb,3,,43,80,478,3,2,5,-1,0,0,0,0
OsgoKa00,Osgood,Kassim,2007,sdg,wr,16,,0,0,0,0,0,0,0,0,2,23,0
OwenJo00,Owens,John,2007,nor,te,8,,0,0,0,0,0,0,0,0,1,4,0
OwenJo00,Owens,John,2007,det,te,7,,0,0,0,0,0,0,0,0,1,9,0
OwenRi00,Owens,Richard,2007,ram,te,14,,0,0,0,0,0,0,0,0,1,9,0
OwenTe00,Owens,Terrell,2007,dal,wr,15,,0,0,0,0,0,1,5,0,81,1355,15
PalmCa00,Palmer,Carson,2007,cin,qb,16,,373,575,4131,26,20,24,10,0,0,0,0
ParkSa00,Parker,Samie,2007,kan,wr,15,,0,0,0,0,0,1,2,0,24,298,2
ParkWi00,Parker,Willie,2007,pit,rb,15,,0,1,0,0,0,321,1316,2,23,164,0
ParrRo00,Parrish,Roscoe,2007,buf,wr,16,,0,0,0,0,0,3,19,1,35,352,1
PatrBe00,Patrick,Ben,2007,crd,te,8,,0,0,0,0,0,0,0,0,7,73,2
PattDa00,Patten,David,2007,nor,wr,16,,0,0,0,0,0,2,-5,0,54,792,3
PearAl00,Pearman,Alvin,2007,sea,rb,3,,0,0,0,0,0,0,0,0,1,1,0
PeelJu00,Peelle,Justin,2007,mia,te,16,,0,0,0,0,0,0,0,0,29,228,2
PennCh01,Pennington,Chad,2007,nyj,qb,9,,179,260,1765,10,9,20,32,1,0,0,0
PerrTa00,Perry,Tab,2007,cin,wr,2,,0,0,0,0,0,1,9,0,1,7,0
PeteAd00,Peterson,Adrian,2007,chi,rb,16,,1,1,9,1,0,151,510,3,51,420,0
PeteAd01,Peterson,Adrian L.,2007,min,rb,14,,0,0,0,0,0,238,1341,12,19,268,1
PinnAr00,Pinner,Artose,2007,atl,rb,7,,0,0,0,0,0,5,46,0,0,0,0
PinnAn00,Pinnock,Andrew,2007,sdg,fb,10,,0,0,0,0,0,4,1,0,1,5,0
PittAn00,Pittman,Antonio,2007,ram,rb,11,,0,0,0,0,0,0,0,0,3,15,0
PittMi00,Pittman,Michael,2007,tam,rb,10,,0,0,0,0,0,68,286,0,26,191,0
PlacRy20,Plackemeier,Ryan,2007,sea,p,16,,0,0,0,0,0,1,0,0,0,0,0
PociJa00,Pociask,Jason,2007,nyj,te,4,,0,0,0,0,0,0,0,0,1,7,0
PodlAd20,Podlesh,Adam,2007,jax,p,16,,0,0,0,0,0,2,-2,0,0,0,0
PollMa00,Pollard,Marcus,2007,sea,te,14,,0,0,0,0,0,0,0,0,28,273,2
PopeLe00,Pope,Leonard,2007,crd,te,13,,0,0,0,0,0,0,0,0,23,238,5
PortJe00,Porter,Jerry,2007,rai,wr,16,,0,0,0,0,0,0,0,0,44,705,6
PortCl00,Portis,Clinton,2007,was,rb,16,,1,1,15,1,0,325,1262,11,47,389,0
PricPe00,Price,Peerless,2007,buf,wr,4,,0,0,0,0,0,0,0,0,7,68,0
PutzJe00,Putzier,Jeb,2007,htx,te,8,,0,0,0,0,0,0,0,0,6,39,1
QuinBr00,Quinn,Brady,2007,cle,qb,1,,3,8,45,0,0,0,0,0,0,0,0
RamsPa00,Ramsey,Patrick,2007,den,qb,2,,29,48,262,1,1,2,6,0,0,0,0
RandAn00,Randle El,Antwaan,2007,was,wr,15,,1,2,19,0,0,4,-3,0,51,728,1
RattTi00,Rattay,Tim,2007,crd,qb,4,,15,27,164,3,3,2,5,0,0,0,0
RedmCh00,Redman,Chris,2007,atl,qb,7,,89,149,1079,10,5,8,16,0,0,0,0
ReedJo01,Reed,Josh,2007,buf,wr,15,,0,0,0,0,0,4,10,0,51,578,0
ReidWi00,Reid,Willie,2007,pit,wr,6,,0,0,0,0,0,0,0,0,4,54,0
RhodDo00,Rhodes,Dominic,2007,rai,rb,10,,0,0,0,0,0,75,302,1,11,70,0
RiceSi01,Rice,Sidney,2007,min,wr,13,,2,2,94,0,0,0,0,0,31,396,4
RichTo00,Richardson,Tony,2007,min,fb,14,,0,0,0,0,0,7,13,0,11,89,0
RivePh00,Rivers,Philip,2007,sdg,qb,16,,277,460,3152,21,15,29,33,1,0,0,0
RobiKo00,Robinson,Koren,2007,gnb,wr,9,,0,0,0,0,0,1,5,0,21,241,1
RobiLa01,Robinson,Laurent,2007,atl,wr,15,,0,0,0,0,0,0,0,0,37,437,1
RobiMi00,Robinson,Michael,2007,sfo,wr,15,,0,0,0,0,0,26,121,0,11,73,0
RobiRy00,Robinson,Ryne,2007,car,wr,16,,0,0,0,0,0,0,0,0,4,35,0
RodgAa00,Rodgers,Aaron,2007,gnb,qb,2,,20,28,218,1,0,7,29,0,0,0,0
RoetBe00,Roethlisberger,Ben,2007,pit,qb,15,,264,404,3154,32,11,35,204,2,0,0,0
RomoTo00,Romo,Tony,2007,dal,qb,16,,335,520,4211,36,19,31,129,2,0,0,0
RosaDa00,Rosario,Dante,2007,car,te,16,,0,0,0,0,0,0,0,0,6,108,2
RoseSa00,Rosenfels,Sage,2007,htx,qb,9,,154,240,1684,15,12,21,51,1,0,0,0
RossCo00,Ross,Cory,2007,rav,rb,6,,0,0,0,0,0,12,72,1,0,0,0
RoyaRo00,Royal,Robert,2007,buf,te,16,,0,0,0,0,0,0,0,0,25,248,3
RussGa00,Russell,Gary,2007,pit,rb,3,,0,0,0,0,0,7,21,0,0,0,0
RussJa00,Russell,JaMarcus,2007,rai,qb,4,,36,66,373,2,4,5,4,0,0,0,0
RyanCl99,Ryan,Clifton,2007,ram,dt,16,,0,0,0,0,0,38,139,0,0,0,0
RyanJo21,Ryan,Jon,2007,gnb,p,16,,0,0,0,0,0,2,7,0,0,0,0
RyanSe00,Ryan,Sean,2007,nyj,te,10,,0,0,0,0,0,0,0,0,3,46,0
SappCe00,Sapp,Cecil,2007,den,rb,16,,0,0,0,0,0,18,59,2,14,51,1
ScaiBo00,Scaife,Bo,2007,oti,te,16,,0,0,0,0,0,0,0,0,46,421,1
SchaMa00,Schaub,Matt,2007,htx,qb,11,,192,289,2241,9,9,17,52,0,0,0,0
ScheTo00,Scheffler,Tony,2007,den,te,16,,0,0,0,0,0,0,0,0,49,549,5
SchoMa00,Schobel,Matt,2007,phi,te,15,,0,0,0,0,0,0,0,0,11,108,1
SchoDe00,Schouman,Derek,2007,buf,te,3,,0,0,0,0,0,0,0,0,3,19,0
SellMi00,Sellers,Mike,2007,was,te,14,,0,0,0,0,0,26,78,2,17,117,1
SepuDa20,Sepulveda,Daniel,2007,pit,p,16,,1,1,32,0,0,0,0,0,0,0,0
ShiaVi00,Shiancoe,Visanthe,2007,min,te,16,,0,0,0,0,0,0,0,0,27,323,1
ShipMa00,Shipp,Marcel,2007,crd,rb,16,,0,0,0,0,0,15,41,1,4,25,0
ShocJe00,Shockey,Jeremy,2007,nyg,te,14,,0,0,0,0,0,1,6,0,57,619,3
SmitAl02,Smith,Alex,2007,tam,te,14,,0,0,0,0,0,0,0,0,32,385,3
SmitAl03,Smith,Alex,2007,sfo,qb,7,,94,193,914,2,4,13,89,0,0,0,0
SmitBr01,Smith,Brad,2007,nyj,qb,16,,0,1,0,0,0,12,45,0,32,325,2
SmitKo00,Smith,Kolby,2007,kan,rb,16,,0,0,0,0,0,112,407,2,22,148,0
SmitL.00,Smith,L.J.,2007,phi,te,10,,0,0,0,0,0,0,0,0,22,236,1
SmitMu00,Smith,Musa,2007,rav,rb,16,,0,0,0,0,0,75,264,2,27,192,0
SmitSt01,Smith,Steve,2007,car,wr,15,,0,0,0,0,0,9,66,0,87,1002,7
SmitSt02,Smith,Steve,2007,nyg,wr,5,,0,0,0,0,0,0,0,0,8,63,0
SmitTe00,Smith,Terrelle,2007,crd,fb,16,,0,0,0,0,0,1,3,0,7,59,0
SmitTr02,Smith,Troy,2007,rav,qb,4,,40,76,452,2,0,12,54,1,0,0,0
SmolIs00,Smolko,Isaac,2007,jax,te,6,,0,0,0,0,0,0,0,0,1,5,0
SnelJa00,Snelling,Jason,2007,atl,rb,7,,0,0,0,0,0,13,43,1,0,0,0
SorgJi00,Sorgi,Jim,2007,clt,qb,4,,18,36,132,1,0,6,-4,0,0,0,0
SpaeMa00,Spaeth,Matt,2007,pit,te,14,,0,0,0,0,0,0,0,0,5,34,3
SproDa00,Sproles,Darren,2007,sdg,rb,15,,0,0,0,0,0,37,164,2,10,31,0
St.CJo20,St. Clair,John,2007,chi,t,16,,0,0,0,0,0,0,0,0,1,2,1
StalDo00,Stallworth,Donte,2007,nwe,wr,16,,0,0,0,0,0,1,12,0,46,697,3
StanDe00,Stanley,Derek,2007,ram,wr,3,,0,0,0,0,0,1,5,0,0,0,0
StecAa00,Stecker,Aaron,2007,nor,rb,16,,0,0,0,0,0,115,448,5,36,211,0
StevJe00,Stevens,Jerramy,2007,tam,te,15,,0,0,0,0,0,0,0,0,18,189,4
StokBr00,Stokley,Brandon,2007,den,wr,13,,0,0,0,0,0,1,-6,0,40,635,5
StorBy00,Storer,Byron,2007,tam,rb,9,,0,0,0,0,0,0,0,0,2,3,0
StovMa00,Stovall,Maurice,2007,tam,wr,15,,0,0,0,0,0,0,0,0,10,86,1
StroMa00,Strong,Mack,2007,sea,fb,5,,0,0,0,0,0,4,19,0,9,72,0
SypnQu00,Sypniewski,Quinn,2007,rav,te,15,,0,0,0,0,0,0,0,0,34,246,1
TahiNa00,Tahi,Naufahu,2007,min,rb,10,,0,0,0,0,0,6,15,0,1,7,0
TapeTh00,Tapeh,Thomas,2007,phi,fb,16,,0,0,0,0,0,5,18,0,8,50,0
TaylCh01,Taylor,Chester,2007,min,rb,14,,0,1,0,0,0,157,844,7,29,281,0
TaylCo00,Taylor,Courtney,2007,sea,wr,8,,0,0,0,0,0,0,0,0,5,38,0
TaylFr00,Taylor,Fred,2007,jax,rb,15,,0,0,0,0,0,223,1202,5,9,58,0
TaylTr01,Taylor,Travis,2007,ram,wr,1,,0,0,0,0,0,0,0,0,1,4,0
TestVi00,Testaverde,Vinny,2007,car,qb,7,,94,172,952,5,6,9,22,0,0,0,0
ThigTy00,Thigpen,Tyler,2007,kan,qb,1,,2,6,41,0,1,0,0,0,0,0,0
ThomAn01,Thomas,Anthony,2007,buf,rb,10,,0,0,0,0,0,36,89,0,15,95,1
ThomDa02,Thomas,David,2007,nwe,te,2,,0,0,0,0,0,0,0,0,1,9,0
ThomPi00,Thomas,Pierre,2007,nor,rb,12,,0,0,0,0,0,52,252,1,17,151,1
ThomTy00,Thompson,Tyson,2007,dal,rb,8,,0,0,0,0,0,14,54,0,0,0,0
ThorCr00,Thorpe,Craphonso,2007,clt,wr,5,,0,0,0,0,0,0,0,0,12,70,1
ThraJa00,Thrash,James,2007,was,wr,12,,0,0,0,0,0,0,0,0,9,107,2
ToefLa00,Toefield,LaBrandon,2007,jax,rb,2,,0,0,0,0,0,13,27,1,1,4,0
TomlLa00,Tomlinson,LaDainian,2007,sdg,rb,16,,1,1,17,1,0,315,1474,15,60,475,3
ToomAm00,Toomer,Amani,2007,nyg,wr,16,,0,0,0,0,0,0,0,0,59,760,3
TrouBe00,Troupe,Ben,2007,oti,te,16,,0,0,0,0,0,1,-1,0,5,47,0
TumaJe00,Tuman,Jerame,2007,pit,te,6,,0,0,0,0,0,0,0,0,1,9,1
TurkMa20,Turk,Matt,2007,htx,p,16,,0,0,0,0,0,1,0,0,0,0,0
TurnMi00,Turner,Michael,2007,sdg,rb,16,,0,0,0,0,0,71,316,1,4,16,0
TyreDa00,Tyree,David,2007,nyg,wr,12,,0,0,0,0,0,0,0,0,4,35,0
UrbaJe00,Urban,Jerheme,2007,crd,wr,10,,0,0,0,0,0,0,0,0,22,329,2
UtecBe00,Utecht,Ben,2007,clt,te,14,,0,0,0,0,0,0,0,0,31,364,1
VickLa00,Vickers,Lawrence,2007,cle,fb,16,,0,0,0,0,0,15,43,0,13,91,2
VickLe00,Vickers,Lee,2007,rav,te,9,,0,0,0,0,0,0,0,0,2,4,0
VoleBi00,Volek,Billy,2007,sdg,qb,5,,3,10,6,0,1,11,-7,0,0,0,0
VrabMi20,Vrabel,Mike,2007,nwe,lb,16,,0,0,0,0,0,0,0,0,2,3,2
WadeBo00,Wade,Bobby,2007,min,wr,16,,0,0,0,0,0,1,-9,0,54,647,3
WalkAa00,Walker,Aaron,2007,ram,te,7,,0,0,0,0,0,0,0,0,2,13,0
WalkDa00,Walker,Darius,2007,htx,rb,4,,0,0,0,0,0,58,264,1,13,81,0
WalkHu00,Walker,Delanie,2007,sfo,wr,16,,0,0,0,0,0,0,0,0,21,174,1
WalkJa00,Walker,Javon,2007,den,wr,8,,0,0,0,0,0,2,-3,0,26,287,0
WallSe00,Wallace,Seneca,2007,sea,qb,10,,19,28,215,2,1,4,17,0,2,47,0
WaltAn00,Walter,Andrew,2007,rai,qb,1,,5,8,38,0,0,0,0,0,0,0,0
WaltKe00,Walter,Kevin,2007,htx,wr,16,,0,0,0,0,0,5,30,0,65,800,4
WaltTr00,Walters,Troy,2007,det,wr,13,,0,0,0,0,0,0,0,0,9,101,1
WardDe01,Ward,Derrick,2007,nyg,rb,8,,0,0,0,0,0,125,602,3,26,179,1
WardHi00,Ward,Hines,2007,pit,wr,13,,0,0,0,0,0,3,11,0,71,732,7
WarnKu00,Warner,Kurt,2007,crd,qb,14,,281,451,3417,27,17,17,15,1,0,0,0
WashLe00,Washington,Leon,2007,nyj,rb,16,,1,1,36,0,0,71,353,3,36,213,0
WashNa00,Washington,Nate,2007,pit,wr,16,,0,0,0,0,0,1,0,0,29,450,5
WatsBe00,Watson,Ben,2007,nwe,te,12,,0,0,0,0,0,1,11,0,36,389,6
WatsKe00,Watson,Kenny,2007,cin,rb,16,,0,0,0,0,0,178,763,7,52,374,0
WaynRe00,Wayne,Reggie,2007,clt,wr,16,,0,0,0,0,0,1,4,0,104,1510,10
WeatSt20,Weatherford,Steve,2007,nor,p,16,,0,0,0,0,0,1,5,0,0,0,0
WeavLe00,Weaver,Leonard,2007,sea,rb,16,,0,0,0,0,0,33,146,1,39,313,0
WebbJe00,Webb,Jeff,2007,kan,wr,16,,0,0,0,0,0,1,5,0,28,313,1
WeinCh00,Weinke,Chris,2007,sfo,qb,2,,13,22,104,1,0,0,0,0,0,0,0
WelkWe00,Welker,Wes,2007,nwe,wr,16,,0,0,0,0,0,4,34,0,112,1175,8
WestBr00,Westbrook,Brian,2007,phi,rb,15,,0,0,0,0,0,278,1333,7,90,771,5
WhitLe01,White,LenDale,2007,oti,rb,16,,0,0,0,0,0,303,1110,7,20,114,0
WhitRo00,White,Roddy,2007,atl,wr,16,,0,0,0,0,0,1,-2,0,83,1202,6
WilcDa01,Wilcox,Daniel,2007,rav,te,5,,0,0,0,0,0,0,0,0,6,18,1
WilfEr00,Wilford,Ernest,2007,jax,wr,16,,0,0,0,0,0,0,0,0,45,518,3
WillCa02,Williams,Cadillac,2007,tam,rb,4,,0,0,0,0,0,54,208,3,3,17,0
WillDe02,Williams,DeAngelo,2007,car,rb,16,,0,0,0,0,0,144,717,4,23,175,1
WillDe03,Williams,Demetrius,2007,rav,wr,9,,0,0,0,0,0,0,0,0,20,290,0
WillMi03,Williams,Mike,2007,rai,wr,6,,0,0,0,0,0,0,0,0,7,90,0
WillRe00,Williams,Reggie,2007,jax,wr,15,,0,0,0,0,0,1,8,0,38,629,10
WillRi00,Williams,Ricky,2007,mia,rb,1,,0,0,0,0,0,6,15,0,0,0,0
WillRo04,Williams,Roy E.,2007,det,wr,12,,0,0,0,0,0,2,1,0,64,838,5
WillRo05,Williams,Roydell,2007,oti,wr,16,,0,0,0,0,0,2,-17,0,55,719,4
WillTr98,Williams,Travis,2007,atl,lb,6,,0,0,0,0,0,1,37,0,0,0,0
WillTr01,Williamson,Troy,2007,min,wr,11,,0,0,0,0,0,2,29,0,18,240,1
WillMa00,Willis,Matt,2007,rav,wr,5,,0,0,0,0,0,0,0,0,1,11,0
WilsCe00,Wilson,Cedrick,2007,pit,wr,16,,0,0,0,0,0,2,37,0,18,207,1
WilsKr00,Wilson,Kris,2007,kan,te,16,,0,0,0,0,0,3,7,0,24,180,1
WinsKe01,Winslow,Kellen Jr.,2007,cle,te,16,,0,0,0,0,0,0,0,0,82,1106,5
WittJa00,Witten,Jason,2007,dal,te,16,,0,0,0,0,0,0,0,0,96,1145,7
WolfGa00,Wolfe,Garrett,2007,chi,rb,13,,0,0,0,0,0,31,85,0,9,117,0
WrigGe00,Wrighster,George,2007,jax,te,11,,0,0,0,0,0,0,0,0,17,123,1
WrigAn00,Wright,Anthony,2007,nyg,qb,4,,1,7,12,0,0,1,-1,0,0,0,0
WrigDw01,Wright,Dwayne,2007,buf,rb,14,,0,0,0,0,0,29,94,0,3,17,0
WrigJa01,Wright,Jason,2007,cle,rb,16,,0,0,0,0,0,60,277,1,24,233,0
WrigWa00,Wright,Wallace,2007,nyj,wr,16,,0,0,0,0,0,0,0,0,6,87,0
WynnDe00,Wynn,DeShawn,2007,gnb,rb,7,,0,0,0,0,0,50,203,4,9,73,0
YodeTo00,Yoder,Todd,2007,was,te,15,,0,0,0,0,0,0,0,0,7,97,1
YounSe00,Young,Selvin,2007,den,rb,15,,0,0,0,0,0,140,729,1,35,231,0
YounVi00,Young,Vince,2007,oti,qb,15,,238,382,2546,9,17,93,395,3,0,0,0
ZastDa20,Zastudil,Dave,2007,cle,p,12,,0,0,0,0,0,2,-3,0,0,0,0
